name,country
AC,United Kingdom
Acura,Japan
Alfa Romeo,Italy
Alpine,France
Arcfox,China
Ariel,United Kingdom
Aro,Romania
Artega,Germany
Aston Martin,United Kingdom
Audi,Germany
Aurus,Russia
BAIC,China
BMW,Germany
BYD,China
Bentley,United Kingdom
Bestune,China
Borgward,Germany
Brilliance,China
Bristol,United Kingdom
Bufori,Malaysia
Bugatti,France
Buick,United States
Cadillac,United States
Caterham,United Kingdom
Changan,China
Chery,China
Chevrolet,United States
Chrysler,United States
Citroën,France
Cupra,Spain
DMC,United States
DR,Italy
DS,France
Dacia,Romania
Daewoo,South Korea
Daihatsu,Japan
Datsun,Japan
Dodge,United States
Dongfeng,China
Donkervoort,Netherlands
Eagle,United States
El Nasr,Egypt
FSO,Poland
Ferrari,Italy
Fiat,Italy
Fisker,United States
Ford,United States
Foton,China
GAC,China
GAZ,Russia
GMC,United States
GTA,Spain
Geely,China
Genesis,South Korea
Gordon Murray Automotive,United Kingdom
Great Wall,China
Haval,China
Hindustan,India
Holden,Australia
Honda,Japan
Hongqi,China
Hummer,United States
Hyundai,South Korea
Ineos,United Kingdom
Infiniti,Japan
Iran Khodro,Iran
Isuzu,Japan
JAC,China
Jaguar,United Kingdom
Jeep,United States
Jetour,China
KGM,South Korea
KTM,Austria
Karma,United States
Kia,South Korea
Koenigsegg,Sweden
Lada,Russia
Lamborghini,Italy
Lancia,Italy
Land Rover,United Kingdom
Leapmotor,China
Lexus,Japan
Li Auto,China
Lightyear,Netherlands
Lincoln,United States
Lotus,United Kingdom
Lucid,United States
Lynk & Co,China
MG,China
MINI,United Kingdom
Mahindra,India
Marussia,Russia
Maruti Suzuki,India
Maserati,Italy
Maybach,Germany
Mazda,Japan
McLaren,United Kingdom
Mercedes-AMG,Germany
Mercedes-Benz,Germany
Mercury,United States
Mitsubishi,Japan
Morgan,United Kingdom
Moskvitch,Russia
NIO,China
Nissan,Japan
Oldsmobile,United States
Omoda,China
Opel,Germany
Ora,China
Pagani,Italy
Panoz,United States
Perodua,Malaysia
Peugeot,France
Pininfarina,Italy
Plymouth,United States
Polestar,Sweden
Pontiac,United States
Porsche,Germany
Proton,Malaysia
Qoros,China
Ram,United States
Renault,France
Rimac,Croatia
Rivian,United States
Rolls-Royce,United Kingdom
Rover,United Kingdom
SEAT,Spain
Saab,Sweden
Saipa,Iran
Saleen,United States
Samsung,South Korea
Santana,Spain
Saturn,United States
Scion,Japan
Scout,United States
Smart,Germany
Speranza,Egypt
Spyker,Netherlands
SsangYong,South Korea
Subaru,Japan
Suzuki,Japan
TVR,United Kingdom
Tank,China
Tata,India
Tesla,United States
Togg,Turkey
Toyota,Japan
Trabant,Germany
UAZ,Russia
Vauxhall,United Kingdom
VinFast,Vietnam
Volkswagen,Germany
Volvo,Sweden
Wartburg,Germany
Wiesmann,Germany
Wuling,China
XPeng,China
Xiaomi,China
Yugo,Serbia
Zastava,Serbia
Zeekr,China
Zender,Germany
Zenvo,Denmark
Škoda,Czech Republic
