make_group,make,model,year_start,year_end
alpine,Alpine,A110,1962,
alpine,Alpine,A110S,2019,
alpine,Alpine,A290,2024,
alpine,Alpine,A390,2025,
aston-martin,Aston Martin,Cygnet,2011,2013
aston-martin,Aston Martin,DB AR1,2003,2004
aston-martin,Aston Martin,DB11,2016,2023
aston-martin,Aston Martin,DB11 Volante,2018,2023
aston-martin,Aston Martin,DB12,2023,
aston-martin,Aston Martin,DB12 Volante,2023,
aston-martin,Aston Martin,DB6,1965,1970
aston-martin,Aston Martin,DB6 Volante,1965,1970
aston-martin,Aston Martin,DB7,1993,2004
aston-martin,Aston Martin,DB7 Volante,1996,2003
aston-martin,Aston Martin,DB9,2004,2016
aston-martin,Aston Martin,DB9 Volante,2004,2015
aston-martin,Aston Martin,DBS,1967,
aston-martin,Aston Martin,DBS Volante,2009,2012
aston-martin,Aston Martin,DBX,2020,
aston-martin,Aston Martin,Lagonda,1976,1989
aston-martin,Aston Martin,One-77,2009,2012
aston-martin,Aston Martin,Rapide,2010,2013
aston-martin,Aston Martin,Rapide AMR,2017,2020
aston-martin,Aston Martin,Rapide E,2019,2019
aston-martin,Aston Martin,Rapide S,2013,2018
aston-martin,Aston Martin,V12 Speedster,2020,2022
aston-martin,Aston Martin,V12 Vantage,2009,
aston-martin,Aston Martin,V12 Vantage AMR,2017,2019
aston-martin,Aston Martin,V12 Vantage S,2014,2018
aston-martin,Aston Martin,V12 Zagato,2012,2013
aston-martin,Aston Martin,V8 Vantage,1973,
aston-martin,Aston Martin,V8 Vantage S,2011,2017
aston-martin,Aston Martin,V8 Volante,1978,2014
aston-martin,Aston Martin,Valhalla,2022,
aston-martin,Aston Martin,Vanquish,2001,
aston-martin,Aston Martin,Vanquish S,2004,2018
aston-martin,Aston Martin,Vanquish Volante,2013,
aston-martin,Aston Martin,Vantage,2020,
aston-martin,Aston Martin,Vantage GT12,2015,2016
aston-martin,Aston Martin,Vantage GT8,2016,2017
aston-martin,Aston Martin,Virage,1988,2012
aston-martin,Aston Martin,Virage Volante,1992,2012
aston-martin,Aston Martin,Vulcan,2015,2016
bentley,Bentley,Arnage,1999,2009
bentley,Bentley,Azure,1995,2011
bentley,Bentley,Batur,2024,
bentley,Bentley,Bentayga,2015,
bentley,Bentley,Bentayga Speed,2019,
bentley,Bentley,Brooklands,2007,2011
bentley,Bentley,Continental,1952,2013
bentley,Bentley,Continental Flying Spur,2005,2013
bentley,Bentley,Continental GT,2011,
bentley,Bentley,Continental GTC,2006,
bentley,Bentley,Flying Spur,2014,
bentley,Bentley,Mulliner,2020,2023
bentley,Bentley,Mulsanne,2009,2020
bentley,Bentley,State Limousine,,
bentley,Bentley,T1,1965,1976
bentley,Bentley,T2,1977,1980
bmw,BMW,1 Series,2004,
bmw,BMW,1 Series M,2010,2012
bmw,BMW,1500/1600,1962,1975
bmw,BMW,2 Series,2013,
bmw,BMW,2 Series Active Tourer,2014,
bmw,BMW,2 Series Gran,2019,
bmw,BMW,2 Series Gran Tourer,2015,2021
bmw,BMW,2002,1968,1975
bmw,BMW,2800 CS,1968,1971
bmw,BMW,3 Series,1975,
bmw,BMW,3 Series Compact,1994,2005
bmw,BMW,3 Series Gran Turismo,2013,2020
bmw,BMW,3.0 CSi,1971,1975
bmw,BMW,3.0 CSL,1971,1975
bmw,BMW,4 Series,2013,
bmw,BMW,4 Series Gran,2014,
bmw,BMW,5 Series,1972,
bmw,BMW,5 Series Gran Turismo,2009,2017
bmw,BMW,6 Series,1976,2018
bmw,BMW,6 Series Gran,2012,2018
bmw,BMW,6 Series Gran Turismo,2017,
bmw,BMW,7 Series,1977,
bmw,BMW,8 Series,1989,
bmw,BMW,8 Series Gran,2019,2022
bmw,BMW,i3,2013,
bmw,BMW,i4,2021,
bmw,BMW,i5,2023,
bmw,BMW,i7,2022,
bmw,BMW,i8,2014,2020
bmw,BMW,iX,2021,
bmw,BMW,iX M,2022,2025
bmw,BMW,iX1,2022,
bmw,BMW,iX2,2023,
bmw,BMW,iX3,2020,
bmw,BMW,iX5,2026,
bmw,BMW,M1,1978,1981
bmw,BMW,M2,2015,
bmw,BMW,M2 CS,2019,
bmw,BMW,M3,1986,
bmw,BMW,M3 CS,2025,
bmw,BMW,M4,2014,
bmw,BMW,M4 CS,2017,
bmw,BMW,M4 GTS,2015,2016
bmw,BMW,M5,1979,
bmw,BMW,M6,1984,2018
bmw,BMW,M6 Cabrio,2006,2018
bmw,BMW,M6 Gran,2013,2018
bmw,BMW,M8,2019,
bmw,BMW,M8 Gran,2022,
bmw,BMW,X1,2009,
bmw,BMW,X2,2018,
bmw,BMW,X3,2004,
bmw,BMW,X3 M,2019,
bmw,BMW,X4,2014,
bmw,BMW,X4 M,2019,
bmw,BMW,X5,2000,
bmw,BMW,X5 M,2009,
bmw,BMW,X6,2008,
bmw,BMW,X6 M,2009,
bmw,BMW,X7,2018,
bmw,BMW,XM,2022,
bmw,BMW,Z1,1988,1991
bmw,BMW,Z3,1996,2003
bmw,BMW,Z4,2002,
bmw,BMW,Z8,2000,2003
bugatti,Bugatti,Bolide,2022,
bugatti,Bugatti,Brouillard,2025,
bugatti,Bugatti,Centodieci,2019,2022
bugatti,Bugatti,Chiron,2016,
bugatti,Bugatti,Destrier,2026,
bugatti,Bugatti,Divo,2018,2021
bugatti,Bugatti,EB 110,1991,1995
bugatti,Bugatti,La Voiture Noire,2019,2019
bugatti,Bugatti,Mistral,2022,
bugatti,Bugatti,Tourbillon,2024,
bugatti,Bugatti,Type 5,,
bugatti,Bugatti,Type 64,,
bugatti,Bugatti,Veyron,2005,2015
ferrari,Ferrari,12Cilindri,2024,
ferrari,Ferrari,288 GTO/F40/F50/Enzo/LaFerrari,1984,2015
ferrari,Ferrari,296 GTB,2022,
ferrari,Ferrari,296 GTS,2022,
ferrari,Ferrari,296 Speciale,2025,
ferrari,Ferrari,308 GTB/GTS,1975,1985
ferrari,Ferrari,328 GTB/GTS,1985,1989
ferrari,Ferrari,348,1989,1995
ferrari,Ferrari,360,2000,2005
ferrari,Ferrari,360 Challenge Stradale,2003,2005
ferrari,Ferrari,360 Modena,1999,2004
ferrari,Ferrari,365,1968,1974
ferrari,Ferrari,365GT4 BB/ 512BB/ 512 BBi,1973,1984
ferrari,Ferrari,400,1976,1989
ferrari,Ferrari,456 GT,1992,2003
ferrari,Ferrari,458,2011,2015
ferrari,Ferrari,458 Italia,2009,2015
ferrari,Ferrari,458 Speciale,2013,2015
ferrari,Ferrari,458 Speciale A,2014,2015
ferrari,Ferrari,488,2016,2019
ferrari,Ferrari,488 GTB,2015,2019
ferrari,Ferrari,488 Pista,2018,2020
ferrari,Ferrari,550 Barchetta/575M Superamerica,2000,2006
ferrari,Ferrari,550/575M Maranello,1996,2006
ferrari,Ferrari,599,2006,2012
ferrari,Ferrari,612 Scaglietti,2004,2011
ferrari,Ferrari,812,2017,2024
ferrari,Ferrari,Amalfi,2025,
ferrari,Ferrari,California T,2014,2017
ferrari,Ferrari,CZ26,2026,
ferrari,Ferrari,Daytona,2021,
ferrari,Ferrari,Dino,1968,1980
ferrari,Ferrari,F12 Berlinetta,2012,2015
ferrari,Ferrari,F12 TRS,2014,2014
ferrari,Ferrari,F12tdf,2015,2017
ferrari,Ferrari,F149 California,2008,2017
ferrari,Ferrari,F355,1994,1999
ferrari,Ferrari,F430,2004,2009
ferrari,Ferrari,F60 America,2014,2016
ferrari,Ferrari,F8,2019,2023
ferrari,Ferrari,F80,2024,
ferrari,Ferrari,FF,2011,2016
ferrari,Ferrari,FXX,2005,2007
ferrari,Ferrari,GTC4Lusso,2016,2020
ferrari,Ferrari,GTC4Lusso T,2016,2020
ferrari,Ferrari,LaFerrari,2016,2018
ferrari,Ferrari,Luce,2026,
ferrari,Ferrari,Mondial,1980,1993
ferrari,Ferrari,Monza,2018,2022
ferrari,Ferrari,Portofino,2017,
ferrari,Ferrari,Purosangue,2022,
ferrari,Ferrari,Roma,2019,
ferrari,Ferrari,Scuderia,2008,2009
ferrari,Ferrari,SF90,2019,
ferrari,Ferrari,Testarossa,2025,
ferrari,Ferrari,Testarossa/512 TR/512M,1984,
koenigsegg,Koenigsegg,Agera,2010,2016
koenigsegg,Koenigsegg,CC8S,2002,2005
koenigsegg,Koenigsegg,CCGT,2026,
koenigsegg,Koenigsegg,CCR,2004,2006
koenigsegg,Koenigsegg,CCX,2006,2010
koenigsegg,Koenigsegg,CCXR,2007,2010
koenigsegg,Koenigsegg,Gemera,2020,
koenigsegg,Koenigsegg,Jesko,2019,
koenigsegg,Koenigsegg,One:1,2014,2015
koenigsegg,Koenigsegg,Regera,2015,2022
koenigsegg,Koenigsegg,Sadairs Spear,2025,
lamborghini,Lamborghini,350 GTS,,
lamborghini,Lamborghini,Aventador,2011,
lamborghini,Lamborghini,Centenario,2016,2017
lamborghini,Lamborghini,Countach,1973,1990
lamborghini,Lamborghini,Diablo,1990,2001
lamborghini,Lamborghini,Espada,1968,1976
lamborghini,Lamborghini,Fenomeno,2026,
lamborghini,Lamborghini,Gallardo,2003,2014
lamborghini,Lamborghini,Huracan,2014,
lamborghini,Lamborghini,Jalpa,1981,1988
lamborghini,Lamborghini,Jarama,1970,1976
lamborghini,Lamborghini,LM 002,1986,1993
lamborghini,Lamborghini,Miura,1966,1987
lamborghini,Lamborghini,Murcielago,2001,2010
lamborghini,Lamborghini,Reventon,2008,2009
lamborghini,Lamborghini,Revuelto,2023,
lamborghini,Lamborghini,Sian,2019,
lamborghini,Lamborghini,Silhouette,1976,1979
lamborghini,Lamborghini,Temerario,2024,
lamborghini,Lamborghini,Urraco,1972,1979
lamborghini,Lamborghini,Urus,2018,
lamborghini,Lamborghini,Veneno,2013,2014
lotus,Lotus,2 Eleven,2007,2015
lotus,Lotus,3 Eleven,2018,2018
lotus,Lotus,Elan,1962,1994
lotus,Lotus,Eletre,2022,
lotus,Lotus,Elise,1997,2021
lotus,Lotus,Elite,1957,1983
lotus,Lotus,Emeya,2023,
lotus,Lotus,Emira,2021,2024
lotus,Lotus,Esprit,1976,2004
lotus,Lotus,Europa,1965,2010
lotus,Lotus,Evija,2020,
lotus,Lotus,Evora,2008,2021
lotus,Lotus,Excel,1982,1992
lotus,Lotus,Exige,2000,2021
maserati,Maserati,Bora,1971,1978
maserati,Maserati,Coupe,1998,2004
maserati,Maserati,Ghibli,1967,
maserati,Maserati,GranCabrio,2010,
maserati,Maserati,GranSport,2004,2007
maserati,Maserati,GranTurismo,2007,
maserati,Maserati,Grecale,2022,
maserati,Maserati,Grecale Trofeo,2022,
maserati,Maserati,GT2 Stradale,2024,
maserati,Maserati,Indy,1969,1974
maserati,Maserati,Levante,2016,
maserati,Maserati,MC 12,2004,2005
maserati,Maserati,MC20,2020,
maserati,Maserati,MCPura,2025,
maserati,Maserati,MCPura Cielo,2025,
maserati,Maserati,Merak,1974,1982
maserati,Maserati,Quattroporte,1963,
maserati,Maserati,Quattroporte Sport GT S,2009,2013
maserati,Maserati,Spyder,2001,2007
mclaren,McLaren,12C GT Sprint,2013,2014
mclaren,McLaren,540C,2015,2021
mclaren,McLaren,570GT,2016,2021
mclaren,McLaren,570S,2015,2021
mclaren,McLaren,600LT,2018,2020
mclaren,McLaren,620R,2019,2021
mclaren,McLaren,650S,2014,2017
mclaren,McLaren,675LT,2015,2017
mclaren,McLaren,720S,2017,2023
mclaren,McLaren,750S,2023,
mclaren,McLaren,765LT,2020,
mclaren,McLaren,Artura,2021,
mclaren,McLaren,Elva,2020,
mclaren,McLaren,F1,1993,1998
mclaren,McLaren,F1 GT,,
mclaren,McLaren,F1 LM,,
mclaren,McLaren,GT,2019,2023
mclaren,McLaren,GTS,2023,
mclaren,McLaren,MP4-12C,2011,2015
mclaren,McLaren,P1,2013,2015
mclaren,McLaren,Senna,2018,2020
mclaren,McLaren,Speedtail,2018,
mclaren,McLaren,W1,2026,
mercedes-amg,Mercedes-AMG,A-Class,2015,2023
mercedes-amg,Mercedes-AMG,C-Class,2015,
mercedes-amg,Mercedes-AMG,C-CLASS,2015,
mercedes-amg,Mercedes-AMG,C-CLASS T-MODELL,2018,2021
mercedes-amg,Mercedes-AMG,CLA 45 Shooting Brake,2026,
mercedes-amg,Mercedes-AMG,CLA Shooting brake,2015,
mercedes-amg,Mercedes-AMG,CLA-Class,2016,
mercedes-amg,Mercedes-AMG,CLE,2023,
mercedes-amg,Mercedes-AMG,CLS-Class,2018,
mercedes-amg,Mercedes-AMG,E-Class,2016,
mercedes-amg,Mercedes-AMG,EQE,2022,
mercedes-amg,Mercedes-AMG,EQE SUV,2022,
mercedes-amg,Mercedes-AMG,EQS,2021,
mercedes-amg,Mercedes-AMG,G 63,2018,
mercedes-amg,Mercedes-AMG,GLA,2014,
mercedes-amg,Mercedes-AMG,GLB,2019,
mercedes-amg,Mercedes-AMG,GLC,2016,
mercedes-amg,Mercedes-AMG,GLC-Class,2016,
mercedes-amg,Mercedes-AMG,GLE,2015,
mercedes-amg,Mercedes-AMG,GLS- Class,2016,
mercedes-amg,Mercedes-AMG,GT,2015,
mercedes-amg,Mercedes-AMG,GT 4-DOOR,2018,
mercedes-amg,Mercedes-AMG,ONE,2022,
mercedes-amg,Mercedes-AMG,S-Class,2016,
mercedes-amg,Mercedes-AMG,SL-Class,2021,
mercedes-amg,Mercedes-AMG,SLC,2016,2020
morgan,Morgan,3 wheeler,2011,2021
morgan,Morgan,4/4 2 Seater,2008,
morgan,Morgan,4/4 4 Seater,2006,2011
morgan,Morgan,Aero,2012,2016
morgan,Morgan,Aero 8,2001,2018
morgan,Morgan,Aero SuperSports,2009,2016
morgan,Morgan,AeroMax,2005,2011
morgan,Morgan,Midsummer,2026,
morgan,Morgan,Plus 4,2005,
morgan,Morgan,Plus 8,2012,2018
morgan,Morgan,Plus Six,2019,
morgan,Morgan,Roadster,2004,2019
nissan,Nissan,100 NX,1991,1996
nissan,Nissan,200 SX,1989,2000
nissan,Nissan,300 ZX,1984,1996
nissan,Nissan,350Z,2002,2009
nissan,Nissan,370Z,2008,2020
nissan,Nissan,370Z Nismo,2009,2021
nissan,Nissan,Almera / Pulsar,1995,2019
nissan,Nissan,Almera Tino,2000,2006
nissan,Nissan,Altima,1998,
nissan,Nissan,Ariya,2020,
nissan,Nissan,Armada,2003,
nissan,Nissan,Bluebird,1986,1990
nissan,Nissan,Bluebird Traveller,1986,1990
nissan,Nissan,Cube,2008,2019
nissan,Nissan,Elgrand,2025,
nissan,Nissan,Grand Livina,2006,2013
nissan,Nissan,GT-R,1969,
nissan,Nissan,GT-R Nismo,2014,
nissan,Nissan,Juke,2010,
nissan,Nissan,Juke EV,2026,
nissan,Nissan,Juke Nismo,2013,2017
nissan,Nissan,Kicks,2016,
nissan,Nissan,Leaf,2010,
nissan,Nissan,Liberty,1999,2004
nissan,Nissan,Maxima,1989,2023
nissan,Nissan,Micra,1982,
nissan,Nissan,Micra C+C,2005,2008
nissan,Nissan,Murano,2003,
nissan,Nissan,Murano CrossCabriolet,2011,2014
nissan,Nissan,N7,2024,
nissan,Nissan,Navara / Frontier,2005,
nissan,Nissan,Note,2005,2019
nissan,Nissan,NP300,2008,2015
nissan,Nissan,NV,2009,2019
nissan,Nissan,Pathfinder,2001,
nissan,Nissan,Patrol LWB,1988,
nissan,Nissan,Patrol SWB,1988,2010
nissan,Nissan,Pixo,2009,2013
nissan,Nissan,Platina,2006,2010
nissan,Nissan,Prairie,1989,1996
nissan,Nissan,Primera,1990,2008
nissan,Nissan,Primera Break,1990,2007
nissan,Nissan,Qashqai,2007,
nissan,Nissan,Quest,2004,2017
nissan,Nissan,Rogue,2007,
nissan,Nissan,Sakura,2022,
nissan,Nissan,Sentra,2000,
nissan,Nissan,Serena,1991,2022
nissan,Nissan,Skyline,2001,2010
nissan,Nissan,Sunny,1993,2019
nissan,Nissan,Sunny Traveller,1993,1996
nissan,Nissan,Teana,2003,2013
nissan,Nissan,Terrano,1988,2019
nissan,Nissan,Tiida / Versa,2006,
nissan,Nissan,Titan,2004,2024
nissan,Nissan,X-Trail,2001,
nissan,Nissan,XTerra,2002,2015
nissan,Nissan,Z Nismo,2021,
pagani,Pagani,Huayra,2012,2022
pagani,Pagani,Imola,2020,
pagani,Pagani,Utopia,2022,
pagani,Pagani,Zonda,2003,2006
pagani,Pagani,Zonda Cinque,2008,2010
pagani,Pagani,Zonda F,2005,2010
pagani,Pagani,Zonda S,2002,2006
porsche,Porsche,718,2019,
porsche,Porsche,718 Boxster,2016,
porsche,Porsche,718 Boxster GTS,2017,
porsche,Porsche,718 Boxster S,2016,
porsche,Porsche,718 Cayman,2016,
porsche,Porsche,718 Cayman GT4,2015,
porsche,Porsche,718 Cayman GTS,2017,
porsche,Porsche,718 Cayman S,2016,
porsche,Porsche,911 Carrera,1964,
porsche,Porsche,911 Carrera 4,1988,2016
porsche,Porsche,911 Carrera 4 GTS,2014,
porsche,Porsche,911 Carrera 4S,1995,2025
porsche,Porsche,911 Carrera GTS,2010,2021
porsche,Porsche,911 Carrera RS,1972,1996
porsche,Porsche,911 Carrera S,1995,2024
porsche,Porsche,911 Carrera T,2017,
porsche,Porsche,911 GT2,1995,2009
porsche,Porsche,911 GT2 RS,2010,2019
porsche,Porsche,911 GT3,1999,
porsche,Porsche,911 GT3 RS,2004,2019
porsche,Porsche,911 GT3 S-C,2026,
porsche,Porsche,911 R,2016,2019
porsche,Porsche,911 Sport Classic,2010,2012
porsche,Porsche,911 Targa,1967,1997
porsche,Porsche,911 Targa 4,2006,
porsche,Porsche,911 Targa 4 GTS,2015,
porsche,Porsche,911 Targa 4S,2006,
porsche,Porsche,911 Turbo,1974,
porsche,Porsche,911 Turbo S,2004,
porsche,Porsche,918,2013,2015
porsche,Porsche,928,1978,1982
porsche,Porsche,928 GT,1989,1991
porsche,Porsche,928 GTS,1992,1995
porsche,Porsche,928 S,1980,1991
porsche,Porsche,944,1981,1990
porsche,Porsche,944 S,1986,1991
porsche,Porsche,944 Turbo,1985,1990
porsche,Porsche,959,1987,1988
porsche,Porsche,968,1991,1995
porsche,Porsche,968 Turbo S,1993,1994
porsche,Porsche,Boxster,1996,2019
porsche,Porsche,Boxster S,1999,2016
porsche,Porsche,Carrera GT,2003,2006
porsche,Porsche,Cayenne,2002,
porsche,Porsche,Cayenne Diesel,2008,2017
porsche,Porsche,Cayenne Electric,2026,
porsche,Porsche,Cayenne GTS,2008,
porsche,Porsche,Cayenne S,2002,
porsche,Porsche,Cayenne S Diesel,2012,2017
porsche,Porsche,Cayenne S E-Hybrid,2014,2019
porsche,Porsche,Cayenne S Electric,2026,
porsche,Porsche,Cayenne S Hybrid,2010,2014
porsche,Porsche,Cayenne S TransSyberia,2009,2011
porsche,Porsche,Cayenne Turbo,2002,2023
porsche,Porsche,Cayenne Turbo E-Hybrid,2023,
porsche,Porsche,Cayenne Turbo Electric,2026,
porsche,Porsche,Cayenne Turbo S,2006,2017
porsche,Porsche,Cayenne Turbo S E-Hybrid,2019,2023
porsche,Porsche,Cayman,2006,2016
porsche,Porsche,Cayman R,2010,2011
porsche,Porsche,Cayman S,2005,2016
porsche,Porsche,Macan,2014,2024
porsche,Porsche,Macan 4 Electric,2024,
porsche,Porsche,Macan GTS,2015,
porsche,Porsche,Macan S,2014,
porsche,Porsche,Macan S Diesel,2014,2018
porsche,Porsche,Macan T,2022,
porsche,Porsche,Macan Turbo,2014,2021
porsche,Porsche,Macan Turbo Electric,2024,
porsche,Porsche,Panamera,2009,2023
porsche,Porsche,Panamera 4,2009,
porsche,Porsche,Panamera 4 E-Hybrid,2016,2020
porsche,Porsche,Panamera 4 E-Hybrid Sport Turismo,2017,2020
porsche,Porsche,Panamera 4 Sport Turismo,2017,2020
porsche,Porsche,Panamera 4S,2009,2020
porsche,Porsche,Panamera 4S Diesel,2016,2020
porsche,Porsche,Panamera 4S Diesel Sport Turismo,2017,2020
porsche,Porsche,Panamera 4S E-Hybrid,2020,
porsche,Porsche,Panamera 4S Sport Turismo,2017,2020
porsche,Porsche,Panamera Diesel,2011,2016
porsche,Porsche,Panamera GTS,2011,
porsche,Porsche,Panamera GTS Sport Turismo,2018,
porsche,Porsche,Panamera S,2009,2016
porsche,Porsche,Panamera S E-Hybrid,2013,2016
porsche,Porsche,Panamera S Hybrid,2011,2013
porsche,Porsche,Panamera Turbo,2009,2020
porsche,Porsche,Panamera Turbo E Hybrid,2023,
porsche,Porsche,Panamera Turbo S,2011,
porsche,Porsche,Panamera Turbo S E-Hybrid,2017,2020
porsche,Porsche,Panamera Turbo S E-Hybrid Sport Turismo,2017,2023
porsche,Porsche,Panamera Turbo S Sport Turismo,2020,
porsche,Porsche,Panamera Turbo Sport Turismo,2017,2020
porsche,Porsche,Speedster,2019,2019
porsche,Porsche,Taycan,2019,
porsche,Porsche,Taycan Cross Turismo,2021,
porsche,Porsche,Taycan GTS,2021,
porsche,Porsche,Taycan GTS Sport Turismo,2021,
porsche,Porsche,Taycan Sport Turismo,2024,
porsche,Porsche,Taycan Turbo,2019,
rimac,Rimac,Nevera,2021,
rolls-royce,Rolls-Royce,Arcadia,2024,
rolls-royce,Rolls-Royce,Camargue,1975,1986
rolls-royce,Rolls-Royce,Corniche,1971,2003
rolls-royce,Rolls-Royce,Cullinan,2018,
rolls-royce,Rolls-Royce,Dawn,2016,2023
rolls-royce,Rolls-Royce,Flying Spur,1994,1995
rolls-royce,Rolls-Royce,Ghost,2009,
rolls-royce,Rolls-Royce,La Rose Noire,2023,
rolls-royce,Rolls-Royce,Park Ward,1995,2002
rolls-royce,Rolls-Royce,Phantom,1925,2022
rolls-royce,Rolls-Royce,Silver Dawn,1949,1999
rolls-royce,Rolls-Royce,Silver Seraph,1998,2002
rolls-royce,Rolls-Royce,Silver Shadow,1965,1982
rolls-royce,Rolls-Royce,Silver Spirit,1980,1998
rolls-royce,Rolls-Royce,Silver Spur,1995,1998
rolls-royce,Rolls-Royce,Spectre,2022,
rolls-royce,Rolls-Royce,Wraith,2013,2023
toyota,Toyota,4Runner,1990,
toyota,Toyota,Agya,2012,2017
toyota,Toyota,Alphard,2002,2007
toyota,Toyota,Aqua,2021,
toyota,Toyota,Aurion,2006,2017
toyota,Toyota,Auris,2006,2023
toyota,Toyota,Avalon,2005,2022
toyota,Toyota,Avensis,1997,2018
toyota,Toyota,Avensis Verso,2001,2006
toyota,Toyota,Aygo,2005,2022
toyota,Toyota,Aygo X,2021,
toyota,Toyota,bZ,2026,
toyota,Toyota,bZ4X,2022,
toyota,Toyota,C-HR,2016,
toyota,Toyota,Camry,1983,
toyota,Toyota,Celica,1990,2006
toyota,Toyota,Century,2023,
toyota,Toyota,Century SUV,2023,
toyota,Toyota,Corolla,1987,
toyota,Toyota,Corolla Cross,2020,
toyota,Toyota,Corolla Verso,2002,2009
toyota,Toyota,Crown,1979,
toyota,Toyota,Crown SUV,2022,
toyota,Toyota,Etios,2010,2022
toyota,Toyota,Etios Liva,2011,2020
toyota,Toyota,FJ Cruiser,2006,2016
toyota,Toyota,Fortuner,2011,
toyota,Toyota,GR 86,2021,
toyota,Toyota,GR Corolla,2022,
toyota,Toyota,GR Supra,2022,
toyota,Toyota,GR Yaris,2020,
toyota,Toyota,Grand Highlander,2023,
toyota,Toyota,GT 86,2012,2021
toyota,Toyota,Harrier,2014,2020
toyota,Toyota,Highlander / Kluger,2001,
toyota,Toyota,Hilux,2005,
toyota,Toyota,Hilux Extra Cab,2011,2017
toyota,Toyota,Innova,2011,2013
toyota,Toyota,iQ,2008,2015
toyota,Toyota,Land Cruiser / Prado,1996,
toyota,Toyota,Land Cruiser V8 and predecessors,1984,2021
toyota,Toyota,Matrix,2003,2014
toyota,Toyota,Mirai,2015,
toyota,Toyota,MR2,1985,2005
toyota,Toyota,Paseo,1996,2000
toyota,Toyota,Picnic,1996,2001
toyota,Toyota,Previa / Estima,1992,2016
toyota,Toyota,Prius,1997,
toyota,Toyota,Prius C,2012,2021
toyota,Toyota,Prius Prime,2016,2022
toyota,Toyota,Prius v/Prius+,2011,2021
toyota,Toyota,RAV4,2000,
toyota,Toyota,Rukus,2007,2015
toyota,Toyota,Sequoia,2000,
toyota,Toyota,Sienna,1998,
toyota,Toyota,Solara,2004,2008
toyota,Toyota,Starlet,1984,1999
toyota,Toyota,Supra,1993,2026
toyota,Toyota,Tacoma,2005,
toyota,Toyota,Tundra,1999,
toyota,Toyota,Urban Cruiser,2009,
toyota,Toyota,Venza,2009,
toyota,Toyota,Verso,2009,2018
toyota,Toyota,VERSO-S,2010,2017
toyota,Toyota,Vios,2013,2017
toyota,Toyota,Yaris,1999,
toyota,Toyota,Yaris Cross,2020,
toyota,Toyota,Yaris TS,2007,2010
toyota,Toyota,Yaris Verso,1999,2007
zenvo,Zenvo,Aurora,2023,
zenvo,Zenvo,ST1,2009,2017
zenvo,Zenvo,TS1,2017,2017
zenvo,Zenvo,TSR-S,2018,
